{"cameraMode":{"drawMode":0,"name":"Shaded","section":"Shading Mode"},"sceneLighting":false,"audioPlay":false,"sceneViewState":{"showFog":true,"showMaterialUpdate":false,"showSkybox":false,"showFlares":true,"showImageEffects":true,"showParticleSystems":true,"showVisualEffectGraphs":true,"m_FxEnabled":true},"in2DMode":false,"pivot":{"x":-0.0003228187561035156,"y":0.8450175523757935,"z":-0.04803603142499924},"rotation":{"x":-0.04454568773508072,"y":0.9545732140541077,"z":-0.22875522077083589,"w":-0.18582674860954286},"size":2.0188369750976564,"orthographic":false}